{
    "water": 0.0623,
    "energy": 0.00218,
    "co2": 0.0000347,
    "car_wash": 0.00028,
    "swiss_household": 0.000000694,
    "return_flights": 0.000000694
}